1,913,Μηνιαίος Έλεγχος,2024-05-04,2024-05-16
2,105,Κάταγμα,2023-07-30,2023-08-08
3,437,Εμβολιασμός,2025-01-22,2025-01-26
4,438,Αλλεργική Κρίση,2024-01-02,2024-01-27
5,422,Χειρουργείο,2024-02-12,2024-03-11
6,168,Πυρετός,2023-07-14,2023-07-17
7,186,Στείρωση,2024-02-15,2024-03-15
8,377,Καλαζάρ,2023-09-01,
9,395,Μηνιαίος Έλεγχος,2023-08-20,
10,590,Πυρετός,2024-02-15,2024-03-14
11,869,Κάταγμα,2024-01-17,2024-02-02
12,141,Λύσσα,2023-12-30,2024-01-28
13,60,Λύσσα,2024-06-15,2024-06-23
14,18,Λύσσα,2025-02-01,
15,969,Χειρουργείο,2024-10-30,2024-11-11
16,160,Αλλεργική Κρίση,2024-10-29,2024-11-06
17,779,Πυρετός,2024-10-02,
18,770,Κάταγμα,2024-03-16,2024-04-12
19,414,Χειρουργείο,2024-09-25,2024-10-02
20,848,Χειρουργείο,2023-05-09,2023-05-27
21,9,Εξέταση Οδοντοστοιχίας,2024-10-23,2024-11-21
22,202,Στείρωση,2023-12-01,2023-12-22
23,116,Καλαζάρ,2024-08-28,
24,361,Χειρουργείο,2024-03-10,2024-03-24
25,687,Στείρωση,2025-01-21,
26,251,Στείρωση,2023-03-01,2023-03-21
27,509,Στείρωση,2023-04-28,2023-05-11
28,707,Εμβολιασμός,2024-04-06,2024-05-06
29,549,Αλλεργική Κρίση,2024-08-24,2024-09-07
30,61,Μηνιαίος Έλεγχος,2024-01-14,
31,727,Πυρετός,2024-04-01,2024-04-07
32,210,Λύσσα,2025-01-23,2025-01-31
33,726,Εξέταση Αίματος,2023-09-10,
34,875,Καλαζάρ,2024-07-12,2024-07-21
35,422,Γαστρεντερίτιδα,2023-02-23,2023-02-24
36,166,Μηνιαίος Έλεγχος,2024-07-05,2024-07-06
37,348,Κάταγμα,2024-04-03,
38,352,Καλαζάρ,2023-05-23,2023-06-19
39,880,Εμβολιασμός,2024-06-10,2024-06-25
40,131,Λύσσα,2024-10-26,2024-11-02
41,365,Εξέταση Οδοντοστοιχίας,2024-11-07,2024-11-24
42,894,Πυρετός,2023-08-29,2023-09-06
43,565,Στείρωση,2023-08-17,2023-09-05
44,469,Λύσσα,2025-02-05,2025-02-09
45,975,Πυρετός,2023-07-02,
46,302,Χειρουργείο,2024-11-20,2024-11-29
47,785,Μηνιαίος Έλεγχος,2024-06-08,2024-07-01
48,324,Εμβολιασμός,2023-03-24,2023-04-22
49,616,Εμβολιασμός,2024-10-14,2024-11-02
50,424,Καλαζάρ,2024-12-19,2024-12-30
51,147,Εξέταση Αίματος,2024-10-24,2024-11-23
52,447,Λύσσα,2024-07-10,2024-08-04
53,149,Χειρουργείο,2024-02-24,2024-03-02
54,232,Στείρωση,2023-11-09,2023-12-08
55,997,Καλαζάρ,2023-04-06,2023-04-11
56,591,Αλλεργική Κρίση,2024-06-27,2024-07-10
57,321,Εμβολιασμός,2024-04-18,2024-05-18
58,868,Αλλεργική Κρίση,2024-04-11,2024-04-11
59,13,Αλλεργική Κρίση,2024-01-30,2024-02-18
60,751,Μηνιαίος Έλεγχος,2024-01-18,2024-02-01
61,434,Πυρετός,2023-05-29,2023-06-08
62,116,Καλαζάρ,2024-12-22,2025-01-03
63,979,Λύσσα,2023-07-22,2023-08-05
64,448,Εξέταση Αίματος,2023-04-03,2023-05-01
65,120,Στείρωση,2023-06-02,
66,620,Χειρουργείο,2023-06-07,2023-06-11
67,406,Κάταγμα,2024-08-17,2024-09-13
68,540,Κάταγμα,2023-11-18,2023-12-11
69,301,Χειρουργείο,2023-10-31,
70,447,Εξέταση Οδοντοστοιχίας,2024-02-15,
71,764,Καλαζάρ,2023-09-21,2023-10-12
72,437,Κάταγμα,2024-01-13,2024-02-11
73,920,Εξέταση Οδοντοστοιχίας,2023-12-11,2023-12-19
74,276,Στείρωση,2023-07-31,2023-08-15
75,873,Καλαζάρ,2023-06-03,
76,536,Χειρουργείο,2024-04-14,2024-05-08
77,426,Εξέταση Οδοντοστοιχίας,2023-08-18,2023-09-07
78,309,Πυρετός,2023-10-15,
79,312,Εξέταση Αίματος,2025-02-11,2025-02-22
80,978,Καλαζάρ,2024-10-19,2024-11-01
81,289,Στείρωση,2024-07-17,2024-07-30
82,647,Χειρουργείο,2023-09-06,
83,252,Κάταγμα,2023-04-20,2023-04-29
84,912,Εμβολιασμός,2023-09-15,2023-09-17
85,352,Εξέταση Αίματος,2023-11-29,
86,686,Πυρετός,2024-08-21,2024-09-08
87,784,Λύσσα,2024-09-21,2024-10-02
88,191,Εξέταση Αίματος,2023-02-26,2023-03-26
89,380,Γαστρεντερίτιδα,2024-12-12,2024-12-19
90,69,Καλαζάρ,2023-09-09,
91,43,Γαστρεντερίτιδα,2025-01-12,2025-02-07
92,591,Καλαζάρ,2024-04-28,2024-05-14
93,764,Πυρετός,2024-02-13,2024-02-25
94,422,Λύσσα,2024-05-04,2024-05-04
95,976,Μηνιαίος Έλεγχος,2024-03-21,2024-03-30
96,844,Γαστρεντερίτιδα,2024-06-20,2024-06-29
97,518,Εξέταση Οδοντοστοιχίας,2023-12-17,
98,514,Εξέταση Οδοντοστοιχίας,2024-04-14,2024-04-30
99,482,Αλλεργική Κρίση,2024-12-10,2024-12-16
100,379,Εξέταση Αίματος,2023-05-04,2023-05-23
101,374,Κάταγμα,2023-08-30,
102,622,Καλαζάρ,2024-08-02,2024-08-17
103,315,Καλαζάρ,2024-07-09,2024-07-29
104,343,Λύσσα,2023-09-05,2023-09-18
105,915,Εξέταση Οδοντοστοιχίας,2024-08-05,2024-08-22
106,493,Λύσσα,2024-07-09,
107,592,Πυρετός,2024-03-16,2024-04-11
108,790,Καλαζάρ,2023-08-07,2023-08-11
109,899,Γαστρεντερίτιδα,2023-07-20,2023-07-21
110,459,Εξέταση Αίματος,2023-05-07,2023-05-18
111,74,Στείρωση,2024-09-16,2024-10-15
112,395,Μηνιαίος Έλεγχος,2024-10-21,2024-11-17
113,270,Εξέταση Αίματος,2024-12-06,2024-12-07
114,286,Στείρωση,2025-01-08,2025-01-23
115,414,Πυρετός,2024-11-28,2024-12-23
116,867,Καλαζάρ,2024-06-24,
117,797,Αλλεργική Κρίση,2025-01-06,2025-02-04
118,63,Στείρωση,2023-06-06,2023-06-09
119,368,Πυρετός,2023-07-17,2023-07-31
120,819,Εξέταση Αίματος,2023-05-31,2023-06-11
121,934,Χειρουργείο,2023-04-20,2023-05-01
122,19,Κάταγμα,2024-01-13,2024-01-18
123,464,Λύσσα,2024-09-17,2024-10-09
124,649,Εμβολιασμός,2023-11-22,2023-12-14
125,858,Εξέταση Οδοντοστοιχίας,2023-03-17,2023-04-12
126,430,Χειρουργείο,2024-01-31,2024-02-28
127,394,Αλλεργική Κρίση,2024-02-06,2024-03-01
128,497,Εξέταση Οδοντοστοιχίας,2024-02-14,
129,155,Στείρωση,2024-05-02,
130,274,Εξέταση Οδοντοστοιχίας,2024-11-11,2024-12-10
131,744,Εξέταση Αίματος,2024-02-26,2024-03-14
132,316,Λύσσα,2024-08-27,2024-09-04
133,203,Εξέταση Αίματος,2024-01-02,2024-01-09
134,887,Αλλεργική Κρίση,2024-01-06,2024-02-05
135,205,Εμβολιασμός,2024-05-21,2024-06-20
136,987,Πυρετός,2023-03-04,2023-03-09
137,793,Καλαζάρ,2024-09-18,2024-10-04
138,309,Γαστρεντερίτιδα,2024-04-26,2024-05-09
139,172,Εξέταση Αίματος,2024-09-02,2024-09-04
140,266,Εμβολιασμός,2023-05-02,2023-05-24
141,55,Πυρετός,2024-08-07,2024-08-18
142,496,Κάταγμα,2023-10-01,2023-10-14
143,786,Πυρετός,2024-12-03,2024-12-15
144,182,Κάταγμα,2023-08-14,2023-08-25
145,609,Λύσσα,2024-05-09,2024-05-14
146,440,Χειρουργείο,2023-12-05,2023-12-20
147,46,Χειρουργείο,2024-06-21,2024-06-28
148,815,Εμβολιασμός,2024-01-11,2024-01-12
149,257,Αλλεργική Κρίση,2024-06-24,
150,555,Κάταγμα,2024-07-25,2024-07-25
151,496,Κάταγμα,2023-07-23,2023-08-18
152,405,Αλλεργική Κρίση,2023-08-15,
153,526,Λύσσα,2024-03-12,
154,676,Γαστρεντερίτιδα,2023-10-07,
155,117,Στείρωση,2024-01-12,2024-01-26
156,294,Γαστρεντερίτιδα,2025-01-07,2025-02-02
157,260,Εξέταση Οδοντοστοιχίας,2023-12-03,2023-12-27
158,830,Στείρωση,2023-08-18,2023-09-01
159,933,Χειρουργείο,2024-04-25,2024-05-12
160,343,Εμβολιασμός,2024-10-10,2024-11-06
161,723,Κάταγμα,2023-02-15,
162,278,Καλαζάρ,2024-01-26,2024-02-05
163,859,Χειρουργείο,2024-09-03,2024-09-04
164,708,Στείρωση,2024-06-03,2024-07-03
165,603,Χειρουργείο,2023-03-27,
166,730,Γαστρεντερίτιδα,2023-11-19,2023-12-17
167,636,Χειρουργείο,2024-02-14,2024-03-09
168,953,Μηνιαίος Έλεγχος,2024-04-17,2024-05-03
169,331,Λύσσα,2024-05-17,2024-05-29
170,393,Εξέταση Αίματος,2024-03-20,2024-03-23
171,764,Εξέταση Αίματος,2025-01-17,
172,344,Κάταγμα,2024-02-07,2024-02-08
173,265,Λύσσα,2024-11-05,2024-11-29
174,471,Χειρουργείο,2023-08-30,2023-09-21
175,871,Λύσσα,2024-01-27,
176,262,Γαστρεντερίτιδα,2023-05-29,2023-06-07
177,615,Εμβολιασμός,2024-06-04,2024-06-12
178,548,Μηνιαίος Έλεγχος,2023-09-27,2023-10-10
179,886,Πυρετός,2024-12-26,2025-01-18
180,496,Πυρετός,2023-07-05,2023-07-18
181,275,Πυρετός,2024-06-03,2024-06-22
182,471,Εμβολιασμός,2023-09-12,2023-10-08
183,930,Χειρουργείο,2023-10-22,2023-10-23
184,182,Καλαζάρ,2024-11-23,2024-12-09
185,538,Εξέταση Οδοντοστοιχίας,2024-01-09,2024-02-08
186,447,Εξέταση Οδοντοστοιχίας,2024-12-11,2025-01-02
187,603,Εξέταση Αίματος,2023-08-11,2023-08-18
188,414,Πυρετός,2025-01-21,2025-02-16
189,462,Εξέταση Οδοντοστοιχίας,2024-08-26,2024-09-08
190,155,Γαστρεντερίτιδα,2024-08-18,2024-08-25
191,780,Στείρωση,2023-07-12,2023-07-16
192,731,Χειρουργείο,2023-10-27,2023-11-24
193,759,Αλλεργική Κρίση,2023-09-01,2023-09-27
194,729,Εξέταση Οδοντοστοιχίας,2024-04-25,2024-05-01
195,672,Λύσσα,2024-02-09,2024-02-09
196,699,Μηνιαίος Έλεγχος,2023-09-22,
197,539,Χειρουργείο,2024-02-11,2024-02-22
198,296,Κάταγμα,2023-08-10,2023-08-16
199,872,Μηνιαίος Έλεγχος,2023-10-08,
200,371,Γαστρεντερίτιδα,2024-12-31,2025-01-08
201,339,Χειρουργείο,2024-12-09,2024-12-31
202,972,Εξέταση Αίματος,2024-08-12,2024-08-14
203,9,Στείρωση,2023-07-15,
204,270,Μηνιαίος Έλεγχος,2024-10-14,
205,303,Καλαζάρ,2024-11-30,
206,651,Μηνιαίος Έλεγχος,2024-05-06,2024-06-01
207,477,Αλλεργική Κρίση,2024-01-17,2024-02-07
208,819,Χειρουργείο,2024-09-20,2024-09-29
209,397,Μηνιαίος Έλεγχος,2023-09-20,2023-09-28
210,814,Εξέταση Αίματος,2023-03-31,2023-04-28
211,100,Εξέταση Οδοντοστοιχίας,2025-02-09,2025-02-22
212,104,Κάταγμα,2023-08-21,2023-08-26
213,945,Γαστρεντερίτιδα,2024-06-27,2024-07-01
214,637,Πυρετός,2023-12-01,2023-12-01
215,24,Μηνιαίος Έλεγχος,2024-12-12,2024-12-27
216,271,Αλλεργική Κρίση,2023-04-16,2023-05-05
217,896,Κάταγμα,2024-11-13,2024-12-10
218,621,Εμβολιασμός,2023-12-11,2023-12-23
219,53,Χειρουργείο,2024-08-22,2024-09-21
220,376,Εμβολιασμός,2023-05-14,2023-06-08
221,364,Λύσσα,2024-07-23,2024-08-20
222,952,Λύσσα,2024-01-14,2024-01-30
223,21,Στείρωση,2024-01-07,
224,853,Γαστρεντερίτιδα,2024-01-28,2024-01-31
225,237,Στείρωση,2024-03-31,
226,190,Καλαζάρ,2023-10-08,
227,729,Στείρωση,2024-11-12,2024-11-12
228,200,Γαστρεντερίτιδα,2024-05-13,2024-06-09
229,809,Αλλεργική Κρίση,2023-06-03,2023-06-03
230,49,Καλαζάρ,2023-11-24,2023-11-26
231,698,Αλλεργική Κρίση,2023-08-24,2023-09-18
232,802,Στείρωση,2023-03-24,2023-04-19
233,125,Εμβολιασμός,2023-11-09,
234,431,Λύσσα,2023-04-01,2023-04-06
235,695,Μηνιαίος Έλεγχος,2023-07-05,
236,98,Αλλεργική Κρίση,2024-06-09,2024-07-02
237,956,Μηνιαίος Έλεγχος,2024-04-12,2024-04-14
238,450,Λύσσα,2024-07-28,2024-08-02
239,903,Εμβολιασμός,2024-10-04,2024-10-18
240,438,Αλλεργική Κρίση,2024-07-19,2024-07-24
241,451,Λύσσα,2024-12-02,
242,229,Πυρετός,2023-10-13,2023-10-14
243,571,Στείρωση,2024-02-07,
244,439,Εξέταση Οδοντοστοιχίας,2024-10-07,
245,88,Εμβολιασμός,2023-04-12,
246,406,Χειρουργείο,2024-03-05,2024-04-03
247,814,Εξέταση Αίματος,2025-01-08,2025-01-08
248,283,Στείρωση,2023-07-25,2023-08-04
249,955,Στείρωση,2024-11-07,2024-11-14
250,655,Πυρετός,2024-04-27,2024-05-15
251,122,Αλλεργική Κρίση,2023-05-01,2023-05-21
252,282,Αλλεργική Κρίση,2023-04-09,2023-04-29
253,729,Εξέταση Αίματος,2023-03-25,2023-04-23
254,437,Λύσσα,2023-11-29,2023-12-24
255,698,Χειρουργείο,2024-12-28,2025-01-14
256,102,Καλαζάρ,2023-06-22,2023-06-28
257,244,Στείρωση,2023-06-02,2023-06-13
258,84,Χειρουργείο,2024-10-25,
259,410,Εμβολιασμός,2024-03-01,2024-03-28
260,76,Εξέταση Οδοντοστοιχίας,2024-03-20,2024-04-11
261,98,Γαστρεντερίτιδα,2023-08-22,
262,112,Μηνιαίος Έλεγχος,2024-12-21,2025-01-02
263,388,Καλαζάρ,2024-12-17,2025-01-10
264,308,Στείρωση,2023-04-08,2023-04-25
265,177,Χειρουργείο,2023-12-25,2023-12-29
266,575,Στείρωση,2024-10-18,2024-11-13
267,797,Εμβολιασμός,2023-07-21,2023-08-07
268,396,Εξέταση Αίματος,2024-09-05,2024-09-23
269,157,Εξέταση Οδοντοστοιχίας,2024-07-19,
270,372,Μηνιαίος Έλεγχος,2024-12-27,
271,474,Εμβολιασμός,2023-05-08,2023-06-01
272,626,Εξέταση Αίματος,2023-07-15,2023-08-11
273,20,Γαστρεντερίτιδα,2024-09-27,2024-10-03
274,683,Κάταγμα,2023-06-20,2023-07-09
275,672,Εξέταση Αίματος,2024-04-06,2024-04-27
276,452,Χειρουργείο,2023-12-25,
277,293,Καλαζάρ,2023-04-29,2023-05-04
278,686,Λύσσα,2023-04-21,2023-04-21
279,840,Εμβολιασμός,2023-09-23,2023-10-11
280,718,Γαστρεντερίτιδα,2025-02-10,2025-02-21
281,274,Εξέταση Αίματος,2024-02-26,2024-03-02
282,505,Πυρετός,2024-10-04,2024-10-21
283,759,Εξέταση Οδοντοστοιχίας,2024-03-23,
284,27,Μηνιαίος Έλεγχος,2024-05-08,
285,573,Κάταγμα,2024-11-04,2024-12-01
286,108,Καλαζάρ,2024-11-25,2024-12-04
287,343,Εμβολιασμός,2024-08-26,2024-09-10
288,761,Στείρωση,2023-10-09,
289,61,Πυρετός,2023-10-09,2023-10-09
290,762,Εξέταση Αίματος,2024-09-17,2024-09-26
291,485,Γαστρεντερίτιδα,2024-07-01,2024-07-10
292,289,Αλλεργική Κρίση,2024-07-17,2024-08-15
293,280,Κάταγμα,2025-01-19,2025-02-16
294,804,Κάταγμα,2024-07-12,2024-07-18
295,815,Αλλεργική Κρίση,2024-07-04,2024-07-17
296,931,Αλλεργική Κρίση,2023-04-02,2023-04-19
297,835,Εξέταση Αίματος,2024-07-28,2024-08-16
298,497,Εξέταση Αίματος,2024-08-09,2024-08-19
299,829,Χειρουργείο,2023-05-25,2023-06-09
300,3,Μηνιαίος Έλεγχος,2023-08-23,2023-09-12
301,48,Αλλεργική Κρίση,2023-04-24,2023-05-10
302,185,Μηνιαίος Έλεγχος,2023-10-30,2023-11-23
303,930,Στείρωση,2024-03-18,2024-04-03
304,995,Εξέταση Αίματος,2025-01-09,
305,506,Εμβολιασμός,2023-12-30,
306,771,Γαστρεντερίτιδα,2024-07-29,2024-08-12
307,899,Εμβολιασμός,2023-11-02,2023-11-03
308,941,Χειρουργείο,2024-08-08,2024-08-19
309,486,Λύσσα,2024-11-11,2024-11-21
310,526,Εξέταση Αίματος,2024-05-09,
311,199,Μηνιαίος Έλεγχος,2023-05-13,2023-05-21
312,330,Εξέταση Αίματος,2024-06-09,
313,199,Εξέταση Αίματος,2024-07-19,2024-08-12
314,344,Εξέταση Αίματος,2023-07-10,2023-07-18
315,828,Κάταγμα,2024-09-06,
316,282,Εμβολιασμός,2023-10-25,2023-11-15
317,332,Κάταγμα,2024-03-07,
318,845,Καλαζάρ,2024-09-08,2024-09-17
319,877,Χειρουργείο,2023-09-06,2023-10-02
320,452,Κάταγμα,2023-05-01,2023-05-06
321,585,Γαστρεντερίτιδα,2024-10-29,2024-11-26
322,920,Χειρουργείο,2024-09-04,2024-09-09
323,14,Εμβολιασμός,2024-02-16,2024-03-01
324,341,Αλλεργική Κρίση,2023-06-09,2023-06-18
325,338,Κάταγμα,2023-04-22,2023-04-27
326,787,Εξέταση Αίματος,2024-05-27,2024-06-06
327,976,Πυρετός,2024-05-12,2024-05-13
328,685,Εμβολιασμός,2024-04-23,2024-04-23
329,552,Αλλεργική Κρίση,2023-05-29,2023-06-03
330,782,Εξέταση Αίματος,2024-03-08,
331,409,Στείρωση,2024-05-13,
332,912,Εξέταση Οδοντοστοιχίας,2023-05-20,2023-06-15
333,528,Γαστρεντερίτιδα,2024-01-04,2024-01-05
334,331,Λύσσα,2024-06-03,
335,887,Στείρωση,2024-02-16,2024-02-25
336,175,Γαστρεντερίτιδα,2023-07-25,2023-08-08
337,472,Πυρετός,2024-01-02,2024-01-07
338,543,Στείρωση,2024-04-11,2024-04-24
339,108,Στείρωση,2024-12-20,2025-01-16
340,355,Πυρετός,2024-10-27,2024-11-21
341,691,Χειρουργείο,2024-12-15,2025-01-06
342,402,Λύσσα,2023-04-25,2023-05-24
343,121,Χειρουργείο,2023-12-01,2023-12-30
344,930,Εξέταση Οδοντοστοιχίας,2023-11-11,2023-11-22
345,722,Λύσσα,2024-08-02,2024-08-14
346,551,Πυρετός,2024-08-31,2024-09-04
347,525,Αλλεργική Κρίση,2023-11-25,2023-11-27
348,676,Καλαζάρ,2024-03-20,2024-03-26
349,884,Λύσσα,2024-12-24,2025-01-09
350,897,Εξέταση Οδοντοστοιχίας,2024-09-10,2024-09-17
351,391,Εξέταση Οδοντοστοιχίας,2024-03-22,2024-03-23
352,618,Εξέταση Αίματος,2023-03-13,2023-04-09
353,995,Αλλεργική Κρίση,2024-09-21,2024-09-25
354,577,Εξέταση Αίματος,2024-05-15,
355,741,Λύσσα,2024-11-24,2024-12-08
356,874,Εμβολιασμός,2023-04-30,2023-05-08
357,225,Καλαζάρ,2025-02-02,2025-02-05
358,733,Πυρετός,2023-02-21,2023-02-28
359,253,Κάταγμα,2023-12-23,2023-12-30
360,683,Εξέταση Οδοντοστοιχίας,2025-01-23,2025-01-27
361,912,Στείρωση,2024-10-27,2024-11-03
362,547,Στείρωση,2024-04-28,2024-04-30
363,161,Αλλεργική Κρίση,2023-05-27,2023-06-25
364,747,Πυρετός,2023-09-06,2023-09-08
365,418,Εξέταση Οδοντοστοιχίας,2025-02-06,2025-02-07
366,466,Εξέταση Αίματος,2025-01-26,2025-02-07
367,914,Χειρουργείο,2024-12-30,2025-01-29
368,722,Πυρετός,2024-02-24,2024-03-08
369,644,Εξέταση Οδοντοστοιχίας,2023-07-14,2023-07-28
370,740,Στείρωση,2024-11-13,
371,433,Αλλεργική Κρίση,2023-06-28,2023-07-17
372,868,Πυρετός,2024-06-11,2024-07-03
373,445,Χειρουργείο,2024-05-08,2024-05-19
374,852,Λύσσα,2023-07-07,2023-07-25
375,694,Γαστρεντερίτιδα,2023-10-15,
376,717,Λύσσα,2024-10-08,2024-10-31
377,808,Αλλεργική Κρίση,2024-11-10,2024-11-13
378,161,Αλλεργική Κρίση,2023-10-04,
379,455,Κάταγμα,2024-12-28,2025-01-13
380,289,Καλαζάρ,2024-07-06,
381,648,Στείρωση,2023-08-14,2023-09-05
382,24,Καλαζάρ,2024-06-09,2024-06-30
383,595,Χειρουργείο,2024-01-30,2024-02-13
384,667,Κάταγμα,2024-08-29,2024-09-04
385,210,Εμβολιασμός,2024-04-30,
386,116,Εμβολιασμός,2023-07-01,2023-07-19
387,870,Εμβολιασμός,2023-02-06,2023-02-14
388,126,Εξέταση Οδοντοστοιχίας,2024-01-30,
389,521,Εμβολιασμός,2024-06-13,2024-07-03
390,639,Κάταγμα,2024-03-10,2024-03-31
391,504,Εξέταση Αίματος,2023-11-29,2023-12-21
392,821,Λύσσα,2025-01-27,2025-02-21
393,673,Εξέταση Οδοντοστοιχίας,2024-06-05,2024-06-29
394,802,Καλαζάρ,2023-04-22,2023-04-23
395,2,Καλαζάρ,2024-02-18,2024-03-12
396,538,Γαστρεντερίτιδα,2024-04-07,
397,865,Γαστρεντερίτιδα,2023-03-21,2023-04-13
398,124,Αλλεργική Κρίση,2024-06-29,2024-07-08
399,839,Γαστρεντερίτιδα,2024-09-07,2024-09-14
400,36,Καλαζάρ,2023-03-01,2023-03-10
401,607,Πυρετός,2024-03-25,2024-03-26
402,355,Στείρωση,2023-07-23,2023-08-05
403,95,Λύσσα,2023-10-12,
404,326,Εξέταση Αίματος,2024-05-14,2024-05-31
405,268,Χειρουργείο,2023-11-29,2023-12-01
406,677,Λύσσα,2023-09-15,2023-09-20
407,493,Στείρωση,2023-09-03,2023-09-24
408,53,Εξέταση Οδοντοστοιχίας,2023-09-11,
409,23,Χειρουργείο,2024-04-30,2024-05-20
410,916,Αλλεργική Κρίση,2024-08-08,
411,100,Κάταγμα,2024-03-01,2024-03-22
412,13,Εμβολιασμός,2024-11-04,2024-12-01
413,90,Αλλεργική Κρίση,2025-01-01,2025-01-17
414,517,Εμβολιασμός,2025-01-10,
415,328,Χειρουργείο,2024-04-05,2024-04-23
416,110,Καλαζάρ,2023-02-13,2023-03-09
417,80,Εμβολιασμός,2023-08-31,2023-09-18
418,376,Πυρετός,2024-04-12,
419,447,Κάταγμα,2023-05-31,
420,565,Πυρετός,2024-12-03,2024-12-27
421,736,Πυρετός,2023-06-19,2023-06-19
422,992,Εξέταση Οδοντοστοιχίας,2024-11-29,2024-12-12
423,280,Εξέταση Οδοντοστοιχίας,2023-02-13,2023-03-11
424,911,Μηνιαίος Έλεγχος,2023-08-21,2023-08-23
425,261,Κάταγμα,2024-07-14,2024-07-16
426,850,Γαστρεντερίτιδα,2024-01-22,2024-02-11
427,737,Εξέταση Αίματος,2023-10-14,2023-10-21
428,602,Καλαζάρ,2024-12-26,2025-01-23
429,208,Καλαζάρ,2023-07-13,2023-08-06
430,970,Γαστρεντερίτιδα,2024-11-03,
431,695,Πυρετός,2024-07-23,2024-08-03
432,122,Γαστρεντερίτιδα,2023-12-30,2024-01-09
433,15,Λύσσα,2023-03-23,2023-04-19
434,444,Γαστρεντερίτιδα,2023-10-24,2023-11-02
435,727,Εξέταση Οδοντοστοιχίας,2024-03-16,2024-03-24
436,616,Εξέταση Αίματος,2023-11-01,2023-11-23
437,615,Κάταγμα,2024-05-15,2024-06-13
438,28,Πυρετός,2025-02-04,2025-02-25
439,469,Στείρωση,2023-06-11,2023-06-22
440,597,Πυρετός,2024-09-06,
441,278,Χειρουργείο,2024-08-12,
442,673,Λύσσα,2024-04-03,
443,997,Γαστρεντερίτιδα,2024-10-20,2024-11-08
444,82,Καλαζάρ,2023-04-21,2023-05-20
445,49,Πυρετός,2024-05-28,2024-06-25
446,646,Εξέταση Οδοντοστοιχίας,2024-05-19,2024-05-24
447,513,Στείρωση,2024-05-25,2024-06-11
448,974,Καλαζάρ,2024-10-30,2024-11-14
449,194,Γαστρεντερίτιδα,2024-08-17,2024-09-06
450,58,Στείρωση,2023-12-10,2023-12-22
451,956,Μηνιαίος Έλεγχος,2024-06-20,2024-07-13
452,551,Μηνιαίος Έλεγχος,2023-04-17,2023-04-23
453,74,Εξέταση Αίματος,2023-04-21,2023-05-17
454,75,Λύσσα,2024-11-07,2024-12-03
455,15,Μηνιαίος Έλεγχος,2024-03-17,2024-03-17
456,931,Χειρουργείο,2024-04-05,
457,116,Καλαζάρ,2023-02-22,2023-02-23
458,330,Στείρωση,2024-08-02,2024-08-03
459,835,Κάταγμα,2024-10-08,
460,862,Γαστρεντερίτιδα,2023-10-16,2023-11-13
461,224,Εμβολιασμός,2024-12-20,2025-01-16
462,637,Μηνιαίος Έλεγχος,2024-06-08,2024-06-14
463,777,Εξέταση Οδοντοστοιχίας,2024-04-04,2024-04-23
464,995,Γαστρεντερίτιδα,2025-01-30,2025-02-08
465,240,Μηνιαίος Έλεγχος,2023-11-11,2023-11-18
466,703,Χειρουργείο,2023-02-04,2023-02-10
467,114,Κάταγμα,2023-07-05,2023-07-19
468,66,Μηνιαίος Έλεγχος,2024-10-01,2024-10-23
469,908,Λύσσα,2024-10-01,2024-10-12
470,678,Γαστρεντερίτιδα,2023-07-14,2023-08-07
471,576,Γαστρεντερίτιδα,2023-02-24,2023-03-05
472,405,Κάταγμα,2024-03-25,2024-04-11
473,291,Λύσσα,2023-09-12,2023-09-15
474,30,Καλαζάρ,2023-09-27,2023-10-07
475,414,Χειρουργείο,2023-03-16,2023-04-11
476,576,Αλλεργική Κρίση,2024-08-29,2024-09-11
477,137,Αλλεργική Κρίση,2024-08-26,2024-09-16
478,333,Πυρετός,2023-08-05,2023-08-30
479,257,Αλλεργική Κρίση,2024-07-29,2024-08-10
480,477,Πυρετός,2024-07-19,2024-07-22
481,777,Στείρωση,2023-04-15,2023-05-08
482,986,Μηνιαίος Έλεγχος,2023-12-24,2024-01-15
483,147,Εμβολιασμός,2023-03-07,2023-03-25
484,553,Μηνιαίος Έλεγχος,2024-11-14,
485,760,Χειρουργείο,2023-12-02,2023-12-03
486,386,Εξέταση Αίματος,2023-10-16,
487,195,Εξέταση Αίματος,2023-03-29,2023-04-20
488,548,Εξέταση Αίματος,2024-05-23,
489,114,Λύσσα,2023-08-20,2023-09-02
490,894,Αλλεργική Κρίση,2023-08-16,2023-09-12
491,160,Γαστρεντερίτιδα,2024-05-03,2024-05-21
492,428,Κάταγμα,2024-09-13,
493,389,Μηνιαίος Έλεγχος,2023-12-04,2024-01-01
494,285,Καλαζάρ,2025-02-09,2025-02-09
495,795,Καλαζάρ,2023-12-23,
496,137,Πυρετός,2025-02-08,
497,524,Κάταγμα,2024-12-18,2025-01-09
498,986,Πυρετός,2024-01-22,2024-02-01
499,853,Γαστρεντερίτιδα,2024-02-15,2024-02-28
500,562,Εμβολιασμός,2024-02-25,2024-03-10
501,912,Γαστρεντερίτιδα,2023-02-15,2023-02-28
502,3,Πυρετός,2024-03-12,2024-03-21
503,836,Πυρετός,2023-09-01,2023-09-02
504,510,Μηνιαίος Έλεγχος,2024-10-03,2024-10-20
505,834,Αλλεργική Κρίση,2023-03-05,2023-03-25
506,670,Αλλεργική Κρίση,2023-03-04,2023-03-22
507,31,Λύσσα,2023-10-14,2023-11-07
508,751,Γαστρεντερίτιδα,2024-01-10,
509,524,Γαστρεντερίτιδα,2023-11-28,
510,461,Εξέταση Οδοντοστοιχίας,2023-02-04,
511,876,Γαστρεντερίτιδα,2023-07-05,2023-07-29
512,526,Στείρωση,2023-12-18,
513,923,Πυρετός,2023-07-11,2023-07-11
514,634,Εμβολιασμός,2023-07-24,2023-08-02
515,971,Πυρετός,2023-02-01,2023-02-08
516,541,Κάταγμα,2023-06-28,
517,610,Εμβολιασμός,2023-10-01,2023-10-31
518,857,Καλαζάρ,2023-12-19,2023-12-21
519,250,Χειρουργείο,2024-12-08,2024-12-24
520,911,Κάταγμα,2025-02-12,2025-03-12
521,846,Εξέταση Αίματος,2023-10-10,2023-11-06
522,959,Πυρετός,2023-02-09,2023-02-16
523,265,Πυρετός,2024-12-17,2024-12-29
524,917,Κάταγμα,2023-02-21,2023-03-21
525,542,Κάταγμα,2024-04-01,2024-04-14
526,52,Καλαζάρ,2024-07-21,
527,226,Λύσσα,2023-06-27,2023-07-24
528,103,Στείρωση,2023-10-30,2023-11-09
529,4,Στείρωση,2023-11-17,
530,229,Γαστρεντερίτιδα,2024-09-05,2024-09-27
531,312,Μηνιαίος Έλεγχος,2024-09-21,
532,119,Κάταγμα,2023-08-14,2023-09-01
533,735,Εξέταση Οδοντοστοιχίας,2024-07-30,2024-08-26
534,429,Εξέταση Οδοντοστοιχίας,2024-02-05,2024-02-14
535,972,Εμβολιασμός,2024-10-26,
536,733,Εμβολιασμός,2024-06-16,2024-06-23
537,104,Στείρωση,2023-04-23,2023-05-04
538,746,Πυρετός,2024-08-26,2024-09-10
539,336,Μηνιαίος Έλεγχος,2024-11-17,2024-12-15
540,640,Κάταγμα,2023-12-07,2023-12-12
541,493,Στείρωση,2023-03-07,2023-03-08
542,405,Πυρετός,2023-07-16,2023-08-10
543,196,Κάταγμα,2023-10-23,2023-10-29
544,15,Στείρωση,2024-08-21,2024-09-14
545,887,Γαστρεντερίτιδα,2024-10-07,
546,652,Κάταγμα,2024-10-12,2024-11-02
547,459,Γαστρεντερίτιδα,2024-04-13,2024-05-11
548,209,Μηνιαίος Έλεγχος,2024-11-14,2024-12-12
549,503,Μηνιαίος Έλεγχος,2023-03-11,2023-04-08
550,920,Κάταγμα,2024-12-16,2025-01-08
551,833,Πυρετός,2024-10-28,2024-11-26
552,633,Καλαζάρ,2024-01-04,2024-01-11
553,784,Μηνιαίος Έλεγχος,2024-06-04,2024-06-16
554,293,Κάταγμα,2023-07-15,
555,30,Λύσσα,2024-08-31,2024-09-30
556,95,Χειρουργείο,2023-09-25,2023-10-13
557,239,Εξέταση Οδοντοστοιχίας,2024-10-15,
558,551,Αλλεργική Κρίση,2023-07-29,2023-08-14
559,770,Εμβολιασμός,2025-01-31,2025-02-24
560,573,Εξέταση Αίματος,2023-08-28,2023-09-10
561,662,Πυρετός,2024-08-29,2024-09-22
562,231,Στείρωση,2023-05-11,2023-06-06
563,36,Πυρετός,2023-03-13,2023-03-26
564,999,Εξέταση Αίματος,2023-11-04,2023-11-17
565,264,Εξέταση Οδοντοστοιχίας,2024-11-08,2024-11-22
566,762,Εξέταση Αίματος,2023-11-02,2023-11-20
567,356,Λύσσα,2025-01-04,2025-01-29
568,736,Λύσσα,2024-03-14,2024-03-22
569,93,Εμβολιασμός,2023-05-24,2023-06-16
570,956,Κάταγμα,2025-02-09,2025-03-07
571,11,Εξέταση Οδοντοστοιχίας,2024-05-30,2024-06-28
572,229,Εξέταση Αίματος,2023-12-15,2024-01-02
573,298,Πυρετός,2023-12-17,2023-12-31
574,45,Εξέταση Οδοντοστοιχίας,2024-05-23,2024-06-15
575,561,Εξέταση Αίματος,2024-08-22,2024-08-24
576,512,Εξέταση Αίματος,2024-02-06,2024-02-21
577,90,Γαστρεντερίτιδα,2023-09-25,2023-10-08
578,612,Καλαζάρ,2023-10-18,
579,53,Γαστρεντερίτιδα,2024-03-25,2024-04-22
580,559,Καλαζάρ,2024-10-27,2024-11-06
581,863,Εμβολιασμός,2023-09-14,2023-09-15
582,358,Εμβολιασμός,2024-06-27,2024-07-01
583,583,Εμβολιασμός,2023-08-09,2023-08-19
584,851,Λύσσα,2024-10-09,2024-11-02
585,229,Πυρετός,2023-12-30,2024-01-06
586,517,Εξέταση Αίματος,2023-10-28,2023-11-11
587,185,Κάταγμα,2024-01-11,2024-01-12
588,940,Γαστρεντερίτιδα,2023-07-06,2023-08-03
589,481,Αλλεργική Κρίση,2024-09-05,2024-09-10
590,826,Εξέταση Αίματος,2023-05-23,2023-06-06
591,43,Εμβολιασμός,2023-04-05,
592,528,Κάταγμα,2023-02-03,2023-03-03
593,842,Γαστρεντερίτιδα,2023-05-07,
594,714,Στείρωση,2023-12-21,2024-01-20
595,342,Χειρουργείο,2023-12-31,2024-01-27
596,281,Χειρουργείο,2023-10-05,2023-10-22
597,162,Λύσσα,2023-04-28,
598,608,Χειρουργείο,2024-03-21,2024-04-20
599,890,Εξέταση Αίματος,2024-08-03,
600,121,Αλλεργική Κρίση,2024-10-24,2024-10-31
601,848,Λύσσα,2023-12-04,
602,598,Εξέταση Αίματος,2023-08-20,2023-08-22
603,974,Γαστρεντερίτιδα,2024-12-21,2024-12-22
604,968,Αλλεργική Κρίση,2025-01-22,2025-02-04
605,555,Πυρετός,2024-07-13,2024-07-26
606,920,Εξέταση Οδοντοστοιχίας,2023-04-28,
607,346,Εξέταση Αίματος,2023-12-06,2023-12-07
608,534,Εμβολιασμός,2023-11-21,2023-11-28
609,597,Καλαζάρ,2024-01-20,2024-02-11
610,81,Μηνιαίος Έλεγχος,2023-07-26,2023-08-04
611,840,Εμβολιασμός,2024-12-10,
612,889,Στείρωση,2024-05-08,2024-05-10
613,743,Εξέταση Οδοντοστοιχίας,2024-04-18,2024-04-19
614,540,Εμβολιασμός,2023-04-12,2023-04-24
615,990,Εξέταση Οδοντοστοιχίας,2023-08-26,2023-09-11
616,952,Εξέταση Αίματος,2024-12-02,2024-12-30
617,409,Κάταγμα,2023-08-05,
618,152,Χειρουργείο,2024-05-06,2024-05-22
619,188,Πυρετός,2024-11-14,2024-11-19
620,724,Χειρουργείο,2024-01-10,2024-01-17
621,338,Πυρετός,2024-04-09,2024-05-05
622,419,Στείρωση,2023-12-02,2023-12-17
623,308,Καλαζάρ,2024-07-26,2024-08-16
624,628,Μηνιαίος Έλεγχος,2023-03-25,2023-04-06
625,356,Εξέταση Αίματος,2024-02-25,2024-02-25
626,938,Γαστρεντερίτιδα,2023-12-28,
627,688,Εξέταση Οδοντοστοιχίας,2023-10-12,2023-10-26
628,638,Εξέταση Οδοντοστοιχίας,2024-06-25,
629,520,Εξέταση Αίματος,2023-08-07,
630,125,Εξέταση Οδοντοστοιχίας,2025-01-12,2025-01-14
631,635,Μηνιαίος Έλεγχος,2024-03-24,2024-04-20
632,706,Πυρετός,2024-03-17,2024-04-06
633,277,Εμβολιασμός,2023-10-14,2023-10-16
634,470,Πυρετός,2024-07-23,2024-08-18
635,403,Εξέταση Αίματος,2023-06-20,2023-07-02
636,858,Γαστρεντερίτιδα,2023-11-28,2023-12-23
637,470,Εμβολιασμός,2023-11-28,2023-12-22
638,772,Εξέταση Οδοντοστοιχίας,2024-10-17,
639,911,Εξέταση Οδοντοστοιχίας,2023-02-23,2023-03-23
640,311,Εξέταση Αίματος,2023-11-07,2023-11-08
641,487,Μηνιαίος Έλεγχος,2023-09-27,2023-10-05
642,625,Εξέταση Αίματος,2024-07-09,2024-08-02
643,581,Γαστρεντερίτιδα,2024-04-24,2024-05-15
644,958,Καλαζάρ,2023-09-25,2023-10-23
645,74,Στείρωση,2023-10-03,2023-10-22
646,637,Αλλεργική Κρίση,2024-10-08,2024-10-20
647,909,Εξέταση Οδοντοστοιχίας,2024-01-02,2024-01-20
648,500,Κάταγμα,2024-11-01,2024-11-20
649,384,Αλλεργική Κρίση,2023-11-21,
650,893,Μηνιαίος Έλεγχος,2024-10-01,2024-10-28
651,721,Λύσσα,2023-08-31,
652,540,Εξέταση Αίματος,2023-04-17,2023-04-24
653,606,Εξέταση Αίματος,2024-02-14,2024-02-15
654,424,Μηνιαίος Έλεγχος,2023-10-23,2023-11-19
655,853,Εμβολιασμός,2024-07-16,2024-07-21
656,83,Γαστρεντερίτιδα,2024-02-18,2024-03-06
657,322,Καλαζάρ,2024-10-08,
658,328,Εξέταση Οδοντοστοιχίας,2023-02-22,2023-03-08
659,62,Αλλεργική Κρίση,2024-11-02,2024-11-14
660,751,Λύσσα,2023-05-23,2023-05-31
661,336,Χειρουργείο,2024-01-31,2024-02-01
662,831,Στείρωση,2023-10-06,2023-10-07
663,508,Χειρουργείο,2024-05-23,
664,240,Γαστρεντερίτιδα,2023-02-28,2023-03-10
665,562,Χειρουργείο,2023-12-07,2023-12-12
666,994,Κάταγμα,2024-09-16,2024-10-12
667,488,Εξέταση Οδοντοστοιχίας,2024-04-16,
668,700,Γαστρεντερίτιδα,2023-07-25,2023-08-06
669,695,Εμβολιασμός,2023-05-09,2023-05-29
670,866,Εξέταση Οδοντοστοιχίας,2024-10-09,2024-10-29
671,145,Εξέταση Αίματος,2024-03-21,2024-04-15
672,583,Στείρωση,2025-01-30,
673,495,Χειρουργείο,2025-02-12,2025-02-22
674,699,Εμβολιασμός,2024-05-10,
675,951,Αλλεργική Κρίση,2023-09-18,2023-10-17
676,14,Χειρουργείο,2024-03-31,2024-04-15
677,540,Εξέταση Αίματος,2024-08-06,
678,819,Λύσσα,2024-12-01,2024-12-26
679,432,Καλαζάρ,2024-11-27,2024-12-06
680,11,Εξέταση Οδοντοστοιχίας,2023-04-24,2023-05-17
681,82,Καλαζάρ,2024-12-07,2025-01-04
682,367,Στείρωση,2024-04-12,2024-04-20
683,263,Εξέταση Οδοντοστοιχίας,2024-04-23,2024-05-22
684,937,Λύσσα,2024-06-04,
685,248,Πυρετός,2023-04-27,
686,987,Στείρωση,2023-11-05,2023-11-14
687,233,Εμβολιασμός,2023-10-13,2023-11-05
688,438,Γαστρεντερίτιδα,2023-05-01,2023-05-12
689,866,Στείρωση,2024-08-02,2024-08-21
690,754,Καλαζάρ,2023-09-18,2023-10-11
691,191,Εξέταση Οδοντοστοιχίας,2023-08-14,2023-09-12
692,66,Λύσσα,2024-10-31,2024-11-07
693,536,Χειρουργείο,2024-05-30,2024-06-07
694,416,Γαστρεντερίτιδα,2023-05-01,2023-05-17
695,259,Χειρουργείο,2024-03-29,2024-04-25
696,839,Πυρετός,2024-11-17,2024-12-02
697,211,Στείρωση,2024-10-05,
698,637,Καλαζάρ,2024-10-03,2024-10-16
699,993,Μηνιαίος Έλεγχος,2024-06-17,2024-07-04
700,608,Αλλεργική Κρίση,2024-09-19,2024-10-06
701,380,Εμβολιασμός,2023-10-13,2023-10-16
702,215,Στείρωση,2023-09-12,2023-10-08
703,30,Λύσσα,2023-02-07,
704,533,Λύσσα,2024-07-18,2024-07-22
705,148,Καλαζάρ,2023-06-13,
706,504,Στείρωση,2024-06-22,
707,978,Λύσσα,2024-08-15,2024-09-12
708,134,Καλαζάρ,2023-08-04,
709,595,Εξέταση Οδοντοστοιχίας,2023-04-14,2023-05-02
710,867,Εξέταση Οδοντοστοιχίας,2024-11-21,2024-12-13
711,206,Στείρωση,2023-03-06,2023-04-01
712,791,Εξέταση Οδοντοστοιχίας,2024-11-24,2024-12-11
713,924,Κάταγμα,2023-06-04,2023-06-05
714,185,Χειρουργείο,2023-08-06,2023-08-09
715,990,Γαστρεντερίτιδα,2023-10-04,2023-10-11
716,387,Κάταγμα,2024-03-27,2024-04-25
717,226,Εμβολιασμός,2024-05-21,2024-06-04
718,517,Αλλεργική Κρίση,2024-05-29,2024-06-20
719,574,Γαστρεντερίτιδα,2025-01-25,2025-02-10
720,157,Πυρετός,2023-07-09,
721,950,Μηνιαίος Έλεγχος,2023-10-11,2023-11-05
722,553,Καλαζάρ,2023-03-11,2023-03-27
723,322,Εξέταση Οδοντοστοιχίας,2024-12-31,2025-01-30
724,57,Κάταγμα,2024-07-22,2024-08-07
725,300,Εξέταση Αίματος,2023-02-12,2023-03-14
726,112,Μηνιαίος Έλεγχος,2024-12-10,2025-01-04
727,459,Λύσσα,2023-05-19,
728,151,Αλλεργική Κρίση,2024-02-10,2024-02-18
729,621,Εξέταση Αίματος,2024-10-05,
730,111,Πυρετός,2024-04-27,2024-05-22
731,45,Γαστρεντερίτιδα,2023-07-14,2023-08-12
732,480,Εμβολιασμός,2024-09-08,2024-09-30
733,521,Αλλεργική Κρίση,2023-06-22,2023-07-08
734,681,Εμβολιασμός,2024-02-09,2024-03-04
735,815,Χειρουργείο,2023-09-25,2023-10-11
736,136,Πυρετός,2024-04-22,2024-05-20
737,496,Κάταγμα,2024-12-22,2025-01-07
738,477,Εμβολιασμός,2023-12-20,
739,664,Αλλεργική Κρίση,2024-09-26,
740,496,Εξέταση Οδοντοστοιχίας,2023-02-06,2023-02-08
741,310,Εμβολιασμός,2023-11-25,
742,914,Πυρετός,2023-06-16,
743,449,Εμβολιασμός,2024-06-07,
744,407,Γαστρεντερίτιδα,2024-09-15,2024-10-05
745,296,Στείρωση,2024-03-31,2024-04-01
746,511,Μηνιαίος Έλεγχος,2023-04-27,2023-05-27
747,938,Αλλεργική Κρίση,2024-12-27,2025-01-16
748,407,Κάταγμα,2024-07-13,2024-07-22
749,341,Κάταγμα,2023-07-12,2023-07-17
750,267,Μηνιαίος Έλεγχος,2023-08-30,2023-09-21
751,887,Εμβολιασμός,2023-03-27,2023-04-26
752,306,Πυρετός,2025-01-17,2025-02-15
753,983,Εξέταση Οδοντοστοιχίας,2024-08-28,2024-09-11
754,541,Κάταγμα,2023-04-05,
755,440,Πυρετός,2024-07-24,2024-08-19
756,91,Πυρετός,2024-05-03,2024-05-27
757,375,Πυρετός,2024-06-22,2024-07-21
758,584,Λύσσα,2023-10-09,2023-10-31
759,111,Πυρετός,2024-09-16,
760,592,Αλλεργική Κρίση,2024-11-27,2024-12-25
761,181,Εξέταση Οδοντοστοιχίας,2024-03-20,
762,474,Στείρωση,2024-09-12,2024-10-05
763,94,Γαστρεντερίτιδα,2023-10-07,2023-10-30
764,198,Καλαζάρ,2023-04-18,
765,130,Γαστρεντερίτιδα,2024-12-16,2024-12-30
766,416,Λύσσα,2023-10-13,
767,487,Μηνιαίος Έλεγχος,2023-12-26,2024-01-13
768,990,Εμβολιασμός,2024-01-21,
769,657,Μηνιαίος Έλεγχος,2023-09-24,2023-10-20
770,627,Γαστρεντερίτιδα,2024-09-19,2024-09-29
771,84,Καλαζάρ,2024-01-21,2024-02-09
772,176,Εξέταση Αίματος,2023-03-03,2023-03-23
773,694,Λύσσα,2024-03-27,2024-03-31
774,563,Εξέταση Αίματος,2024-07-19,2024-07-28
775,277,Πυρετός,2024-04-24,2024-04-27
776,933,Καλαζάρ,2025-01-07,
777,657,Εξέταση Οδοντοστοιχίας,2024-03-02,2024-03-04
778,338,Πυρετός,2024-10-21,2024-10-24
779,842,Στείρωση,2025-01-14,2025-01-23
780,664,Εξέταση Αίματος,2023-09-21,
781,704,Εξέταση Αίματος,2024-04-08,2024-04-27
782,79,Γαστρεντερίτιδα,2024-01-13,2024-02-05
783,457,Εμβολιασμός,2024-06-25,
784,571,Στείρωση,2024-11-26,
785,105,Γαστρεντερίτιδα,2024-10-15,2024-10-22
786,147,Χειρουργείο,2023-04-18,2023-04-18
787,688,Χειρουργείο,2023-12-22,2023-12-30
788,911,Εμβολιασμός,2024-09-03,2024-09-05
789,551,Χειρουργείο,2023-10-28,2023-11-09
790,695,Λύσσα,2023-02-18,2023-03-06
791,90,Εξέταση Αίματος,2023-08-11,2023-08-22
792,248,Λύσσα,2024-02-16,2024-03-08
793,847,Κάταγμα,2024-10-13,2024-11-05
794,692,Μηνιαίος Έλεγχος,2024-03-11,
795,748,Χειρουργείο,2024-05-23,
796,853,Πυρετός,2024-08-28,2024-09-13
797,945,Μηνιαίος Έλεγχος,2023-07-28,2023-08-26
798,775,Χειρουργείο,2024-03-24,2024-04-21
799,91,Εξέταση Οδοντοστοιχίας,2024-07-05,2024-07-10
800,363,Γαστρεντερίτιδα,2025-02-12,2025-03-05
801,789,Καλαζάρ,2024-09-12,2024-10-11
802,125,Γαστρεντερίτιδα,2024-02-10,2024-02-26
803,221,Χειρουργείο,2024-06-02,2024-07-01
804,153,Εξέταση Αίματος,2023-05-07,2023-05-08
805,397,Μηνιαίος Έλεγχος,2024-08-02,2024-08-11
806,71,Κάταγμα,2024-12-01,2024-12-23
807,73,Εξέταση Οδοντοστοιχίας,2024-12-19,2024-12-27
808,409,Πυρετός,2024-12-21,2025-01-14
809,592,Εξέταση Αίματος,2024-04-16,2024-05-03
810,762,Εμβολιασμός,2024-09-05,2024-09-16
811,612,Εμβολιασμός,2024-10-09,2024-11-01
812,343,Μηνιαίος Έλεγχος,2023-02-19,2023-02-25
813,950,Εξέταση Αίματος,2025-01-13,2025-02-07
814,342,Πυρετός,2023-09-11,2023-10-09
815,675,Εμβολιασμός,2024-03-01,2024-03-02
816,996,Εξέταση Αίματος,2024-03-08,2024-03-28
817,65,Καλαζάρ,2023-09-30,2023-10-09
818,10,Αλλεργική Κρίση,2024-08-22,2024-09-08
819,399,Γαστρεντερίτιδα,2024-05-24,2024-05-30
820,949,Χειρουργείο,2024-04-20,2024-05-05
821,537,Εμβολιασμός,2024-08-11,2024-08-15
822,148,Γαστρεντερίτιδα,2023-11-10,2023-12-06
823,816,Αλλεργική Κρίση,2023-07-26,
824,515,Εμβολιασμός,2023-09-27,
825,482,Εξέταση Αίματος,2024-08-19,2024-09-03
826,654,Λύσσα,2024-06-17,2024-07-15
827,586,Στείρωση,2023-09-29,2023-10-15
828,652,Στείρωση,2024-04-08,2024-04-09
829,343,Γαστρεντερίτιδα,2024-10-02,
830,242,Καλαζάρ,2024-07-18,2024-07-31
831,159,Αλλεργική Κρίση,2024-04-24,
832,932,Εμβολιασμός,2023-10-25,
833,338,Αλλεργική Κρίση,2025-01-25,2025-02-12
834,802,Γαστρεντερίτιδα,2024-04-18,2024-04-27
835,219,Εξέταση Αίματος,2024-02-19,2024-03-16
836,148,Εμβολιασμός,2024-03-05,
837,8,Εξέταση Αίματος,2024-06-03,2024-06-19
838,170,Μηνιαίος Έλεγχος,2023-09-01,
839,980,Αλλεργική Κρίση,2023-05-05,2023-05-20
840,513,Εμβολιασμός,2024-04-01,2024-04-23
841,351,Εμβολιασμός,2023-07-26,2023-08-03
842,857,Λύσσα,2024-01-15,2024-01-25
843,356,Εξέταση Αίματος,2024-02-29,2024-03-06
844,353,Εξέταση Αίματος,2024-08-15,2024-08-17
845,508,Εξέταση Οδοντοστοιχίας,2023-06-10,2023-06-10
846,872,Μηνιαίος Έλεγχος,2023-12-08,2023-12-25
847,373,Χειρουργείο,2025-02-12,
848,615,Αλλεργική Κρίση,2024-01-28,2024-02-12
849,276,Κάταγμα,2023-04-25,
850,892,Γαστρεντερίτιδα,2023-12-22,2024-01-10
851,384,Εμβολιασμός,2024-02-05,2024-02-16
852,39,Εξέταση Οδοντοστοιχίας,2024-10-19,
853,424,Μηνιαίος Έλεγχος,2023-02-21,2023-03-08
854,897,Στείρωση,2023-10-23,
855,667,Καλαζάρ,2023-06-10,2023-06-24
856,84,Καλαζάρ,2023-02-22,2023-02-25
857,789,Λύσσα,2024-09-08,2024-09-18
858,264,Αλλεργική Κρίση,2025-01-08,2025-01-10
859,814,Καλαζάρ,2024-02-10,2024-03-01
860,279,Εξέταση Αίματος,2024-12-06,2024-12-13
861,758,Εξέταση Αίματος,2023-09-16,2023-09-24
862,440,Λύσσα,2024-11-03,
863,713,Γαστρεντερίτιδα,2023-03-03,
864,964,Πυρετός,2023-08-17,2023-09-05
865,135,Στείρωση,2024-09-12,2024-09-16
866,763,Εξέταση Οδοντοστοιχίας,2024-12-20,
867,681,Μηνιαίος Έλεγχος,2024-09-11,2024-10-02
868,223,Εμβολιασμός,2024-02-06,2024-02-20
869,59,Αλλεργική Κρίση,2023-04-21,2023-04-28
870,680,Κάταγμα,2023-05-01,2023-05-08
871,471,Γαστρεντερίτιδα,2024-07-27,2024-08-11
872,77,Εξέταση Οδοντοστοιχίας,2023-06-09,2023-07-01
873,363,Λύσσα,2023-09-28,2023-10-21
874,105,Λύσσα,2024-12-24,2025-01-22
875,224,Εξέταση Οδοντοστοιχίας,2024-03-07,2024-04-05
876,692,Γαστρεντερίτιδα,2023-05-29,2023-06-16
877,426,Καλαζάρ,2023-12-19,2023-12-22
878,953,Στείρωση,2024-08-17,2024-08-18
879,19,Εξέταση Αίματος,2023-11-05,
880,179,Εξέταση Αίματος,2024-06-12,2024-06-21
881,72,Εξέταση Αίματος,2023-04-12,
882,872,Γαστρεντερίτιδα,2023-08-24,2023-08-27
883,294,Αλλεργική Κρίση,2024-03-08,2024-04-07
884,253,Εξέταση Οδοντοστοιχίας,2023-06-21,2023-07-08
885,535,Εξέταση Οδοντοστοιχίας,2024-02-28,
886,51,Καλαζάρ,2024-12-31,2025-01-28
887,696,Καλαζάρ,2025-01-03,2025-01-16
888,491,Αλλεργική Κρίση,2024-03-17,2024-04-03
889,869,Μηνιαίος Έλεγχος,2023-05-22,
890,463,Στείρωση,2024-03-29,2024-04-15
891,764,Αλλεργική Κρίση,2023-07-29,2023-08-07
892,829,Εξέταση Αίματος,2024-01-11,2024-01-14
893,1,Στείρωση,2025-01-17,2025-01-21
894,601,Εξέταση Οδοντοστοιχίας,2023-12-10,2023-12-20
895,465,Εμβολιασμός,2024-01-01,2024-01-22
896,805,Στείρωση,2023-09-03,2023-09-20
897,42,Κάταγμα,2024-06-02,2024-06-19
898,397,Πυρετός,2024-10-10,2024-10-15
899,95,Μηνιαίος Έλεγχος,2024-09-20,2024-10-07
900,14,Μηνιαίος Έλεγχος,2023-11-05,2023-11-16
901,801,Μηνιαίος Έλεγχος,2024-11-26,
902,973,Καλαζάρ,2024-07-21,2024-08-10
903,454,Πυρετός,2024-07-05,2024-08-01
904,837,Αλλεργική Κρίση,2025-01-16,2025-02-05
905,991,Στείρωση,2024-03-12,2024-03-12
906,153,Εξέταση Οδοντοστοιχίας,2024-03-18,
907,979,Πυρετός,2023-03-31,2023-04-30
908,158,Πυρετός,2023-12-15,2024-01-02
909,773,Κάταγμα,2024-05-10,2024-05-31
910,310,Πυρετός,2024-12-04,
911,502,Κάταγμα,2023-11-09,2023-11-17
912,502,Εξέταση Αίματος,2024-04-27,
913,93,Εξέταση Οδοντοστοιχίας,2025-01-30,2025-02-12
914,330,Γαστρεντερίτιδα,2023-04-01,2023-04-07
915,878,Καλαζάρ,2024-01-27,2024-02-20
916,545,Εμβολιασμός,2024-12-17,2024-12-30
917,142,Γαστρεντερίτιδα,2024-03-24,2024-03-24
918,772,Εξέταση Οδοντοστοιχίας,2023-03-12,2023-03-12
919,676,Μηνιαίος Έλεγχος,2024-11-22,2024-12-05
920,357,Κάταγμα,2024-11-11,2024-11-15
921,51,Αλλεργική Κρίση,2024-10-28,
922,269,Κάταγμα,2023-03-17,2023-04-11
923,653,Πυρετός,2024-03-21,2024-04-12
924,651,Λύσσα,2023-03-28,
925,726,Γαστρεντερίτιδα,2024-09-17,2024-09-25
926,436,Πυρετός,2024-06-04,
927,285,Κάταγμα,2023-02-20,2023-03-20
928,383,Εξέταση Αίματος,2024-04-18,2024-04-22
929,827,Πυρετός,2024-11-21,2024-11-24
930,140,Πυρετός,2024-03-21,2024-04-06
931,293,Γαστρεντερίτιδα,2024-03-28,2024-03-31
932,738,Πυρετός,2024-10-01,2024-10-17
933,244,Κάταγμα,2024-12-04,
934,789,Κάταγμα,2024-04-13,2024-04-26
935,9,Λύσσα,2023-06-15,2023-06-15
936,579,Εξέταση Οδοντοστοιχίας,2023-10-03,2023-10-04
937,636,Γαστρεντερίτιδα,2023-11-22,
938,832,Πυρετός,2023-04-02,2023-04-23
939,374,Λύσσα,2024-04-21,2024-05-02
940,423,Γαστρεντερίτιδα,2023-02-20,2023-03-09
941,427,Λύσσα,2024-06-15,2024-06-22
942,957,Εμβολιασμός,2024-03-06,2024-03-06
943,502,Καλαζάρ,2023-07-19,2023-08-13
944,721,Εξέταση Αίματος,2023-10-05,
945,277,Μηνιαίος Έλεγχος,2023-04-25,
946,1,Εξέταση Οδοντοστοιχίας,2023-06-30,2023-07-17
947,669,Κάταγμα,2023-03-13,2023-03-30
948,582,Στείρωση,2023-11-06,2023-11-27
949,773,Εμβολιασμός,2023-12-16,
950,342,Χειρουργείο,2023-10-16,2023-11-05
951,339,Μηνιαίος Έλεγχος,2024-02-29,2024-03-12
952,325,Εμβολιασμός,2024-03-28,2024-04-22
953,755,Εξέταση Οδοντοστοιχίας,2023-03-29,
954,229,Κάταγμα,2024-02-04,
955,99,Κάταγμα,2023-07-17,2023-07-24
956,238,Γαστρεντερίτιδα,2024-07-02,2024-07-31
957,761,Γαστρεντερίτιδα,2023-05-23,
958,503,Εξέταση Οδοντοστοιχίας,2023-03-09,2023-03-19
959,690,Μηνιαίος Έλεγχος,2023-06-07,2023-07-07
960,305,Καλαζάρ,2024-06-27,
961,87,Αλλεργική Κρίση,2023-04-23,2023-04-25
962,348,Χειρουργείο,2023-09-27,2023-10-07
963,79,Εξέταση Αίματος,2024-10-24,2024-11-11
964,216,Εμβολιασμός,2023-11-08,2023-11-11
965,782,Πυρετός,2023-08-09,
966,942,Εξέταση Οδοντοστοιχίας,2024-06-27,2024-07-15
967,730,Χειρουργείο,2023-07-29,2023-08-16
968,305,Πυρετός,2024-07-17,2024-08-12
969,347,Αλλεργική Κρίση,2023-11-26,2023-12-01
970,622,Πυρετός,2023-08-07,2023-08-14
971,351,Λύσσα,2023-08-19,2023-09-14
972,997,Αλλεργική Κρίση,2025-01-25,2025-02-24
973,749,Εμβολιασμός,2024-09-19,2024-09-24
974,262,Πυρετός,2023-09-23,2023-09-26
975,186,Χειρουργείο,2024-08-16,2024-08-28
976,583,Πυρετός,2024-06-02,2024-06-16
977,729,Γαστρεντερίτιδα,2024-12-24,2024-12-28
978,164,Εξέταση Οδοντοστοιχίας,2024-05-27,2024-06-16
979,391,Γαστρεντερίτιδα,2024-02-28,2024-03-28
980,363,Εξέταση Οδοντοστοιχίας,2023-06-30,2023-07-27
981,66,Κάταγμα,2024-08-27,2024-09-03
982,27,Στείρωση,2023-06-08,2023-06-26
983,290,Κάταγμα,2023-12-26,2024-01-12
984,474,Κάταγμα,2024-12-15,2024-12-22
985,379,Εμβολιασμός,2024-03-28,2024-04-18
986,614,Λύσσα,2023-08-13,2023-08-26
987,597,Αλλεργική Κρίση,2024-11-14,2024-11-16
988,382,Μηνιαίος Έλεγχος,2024-01-28,2024-02-02
989,951,Μηνιαίος Έλεγχος,2024-08-10,2024-08-10
990,818,Εξέταση Αίματος,2024-11-28,2024-12-06
991,686,Κάταγμα,2025-02-05,
992,955,Γαστρεντερίτιδα,2023-09-14,2023-10-12
993,717,Γαστρεντερίτιδα,2024-03-25,2024-04-21
994,190,Γαστρεντερίτιδα,2024-06-06,
995,322,Καλαζάρ,2024-08-06,2024-08-29
996,481,Γαστρεντερίτιδα,2025-01-30,2025-02-09
997,181,Εξέταση Οδοντοστοιχίας,2024-11-20,2024-12-08
998,184,Εμβολιασμός,2023-09-18,2023-10-16
999,885,Καλαζάρ,2023-07-13,2023-07-23
1000,202,Γαστρεντερίτιδα,2023-05-22,2023-06-08
1001,318,Μηνιαίος Έλεγχος,2023-08-28,
1002,289,Μηνιαίος Έλεγχος,2023-10-17,
1003,101,Εξέταση Αίματος,2024-12-02,2024-12-03
1004,227,Κάταγμα,2025-01-19,2025-02-13
1005,80,Καλαζάρ,2023-09-13,2023-10-10
1006,295,Εμβολιασμός,2023-08-03,2023-08-17
1007,385,Λύσσα,2023-05-24,2023-06-13
1008,385,Κάταγμα,2024-06-20,2024-07-16
1009,602,Εξέταση Οδοντοστοιχίας,2023-08-29,
1010,832,Λύσσα,2024-02-06,2024-02-23
1011,28,Εξέταση Οδοντοστοιχίας,2024-12-01,2024-12-29
1012,727,Εξέταση Αίματος,2024-06-18,2024-07-02
1013,746,Γαστρεντερίτιδα,2023-05-21,2023-05-22
1014,513,Πυρετός,2023-11-17,
1015,382,Εξέταση Αίματος,2025-01-18,
1016,800,Αλλεργική Κρίση,2023-12-31,2024-01-26
1017,815,Χειρουργείο,2023-04-23,2023-05-07
1018,904,Αλλεργική Κρίση,2023-11-02,2023-12-01
1019,455,Λύσσα,2024-03-12,2024-04-01
1020,373,Αλλεργική Κρίση,2024-08-04,
1021,281,Κάταγμα,2023-08-18,
1022,685,Στείρωση,2024-10-13,
1023,593,Εμβολιασμός,2024-04-22,2024-05-02
1024,11,Κάταγμα,2024-08-01,2024-08-10
1025,122,Στείρωση,2024-12-14,
1026,816,Κάταγμα,2024-04-30,2024-05-01
1027,90,Εξέταση Οδοντοστοιχίας,2023-11-14,2023-11-20
1028,632,Καλαζάρ,2023-11-11,2023-12-09
1029,384,Πυρετός,2024-10-28,2024-11-12
1030,596,Κάταγμα,2024-03-24,2024-04-06
1031,36,Καλαζάρ,2024-05-12,2024-05-21
1032,338,Εμβολιασμός,2024-05-21,2024-06-12
1033,502,Αλλεργική Κρίση,2023-07-27,2023-07-28
1034,492,Λύσσα,2024-08-07,2024-08-14
1035,578,Καλαζάρ,2025-01-31,2025-02-19
1036,519,Πυρετός,2023-05-30,2023-06-08
1037,146,Αλλεργική Κρίση,2024-05-06,2024-05-30
1038,974,Λύσσα,2023-08-30,2023-09-29
1039,783,Εξέταση Αίματος,2024-12-02,2024-12-31
1040,670,Λύσσα,2024-01-16,2024-02-10
1041,666,Κάταγμα,2024-08-07,2024-08-21
1042,631,Χειρουργείο,2023-02-24,2023-03-10
1043,3,Εμβολιασμός,2023-02-02,2023-02-24
1044,210,Εμβολιασμός,2023-05-18,
1045,783,Χειρουργείο,2025-02-02,2025-02-17
1046,667,Μηνιαίος Έλεγχος,2024-01-19,2024-02-15
1047,379,Χειρουργείο,2024-12-22,2024-12-28
1048,229,Αλλεργική Κρίση,2024-02-29,2024-03-07
1049,512,Κάταγμα,2024-04-08,2024-04-28
1050,182,Εμβολιασμός,2024-11-16,2024-11-19
1051,943,Κάταγμα,2023-06-18,
1052,696,Εξέταση Οδοντοστοιχίας,2023-09-15,2023-09-29
1053,251,Εμβολιασμός,2023-11-23,
1054,671,Χειρουργείο,2023-05-26,2023-06-24
1055,666,Καλαζάρ,2023-08-21,2023-08-25
1056,300,Στείρωση,2024-04-03,2024-04-26
1057,610,Χειρουργείο,2023-10-12,2023-10-27
1058,571,Καλαζάρ,2024-10-16,
1059,379,Πυρετός,2025-02-09,2025-03-08
1060,400,Μηνιαίος Έλεγχος,2023-12-28,2023-12-28
1061,476,Στείρωση,2024-10-26,
1062,563,Καλαζάρ,2024-01-02,
1063,189,Μηνιαίος Έλεγχος,2025-01-12,
1064,263,Εξέταση Αίματος,2024-03-18,2024-04-15
1065,860,Λύσσα,2024-03-11,
1066,982,Καλαζάρ,2024-12-20,
1067,627,Λύσσα,2023-11-11,
1068,141,Εξέταση Οδοντοστοιχίας,2024-09-19,
1069,197,Εμβολιασμός,2024-03-27,2024-03-30
1070,861,Εμβολιασμός,2024-05-19,2024-05-21
1071,970,Πυρετός,2023-05-30,2023-06-19
1072,186,Αλλεργική Κρίση,2023-03-23,2023-04-04
1073,178,Κάταγμα,2024-03-16,2024-03-20
1074,215,Αλλεργική Κρίση,2024-05-19,2024-06-02
1075,659,Στείρωση,2023-10-04,2023-10-15
1076,496,Καλαζάρ,2023-12-13,2023-12-18
1077,568,Χειρουργείο,2023-07-15,
1078,485,Εμβολιασμός,2023-12-08,2023-12-15
1079,798,Εμβολιασμός,2024-10-06,
1080,943,Καλαζάρ,2024-10-13,2024-11-03
1081,904,Γαστρεντερίτιδα,2024-11-13,2024-11-17
1082,457,Καλαζάρ,2023-06-25,2023-07-14
1083,455,Καλαζάρ,2023-08-30,2023-09-12
1084,512,Πυρετός,2024-10-28,2024-11-14
1085,915,Χειρουργείο,2023-10-14,
1086,285,Καλαζάρ,2024-06-13,2024-07-09
1087,786,Γαστρεντερίτιδα,2024-08-26,2024-09-15
1088,530,Χειρουργείο,2023-06-30,2023-07-08
1089,937,Πυρετός,2024-03-03,2024-03-08
1090,301,Πυρετός,2025-01-29,2025-02-05
1091,835,Πυρετός,2024-04-01,2024-04-23
1092,203,Λύσσα,2024-03-15,2024-04-03
1093,211,Κάταγμα,2023-02-21,2023-03-18
1094,358,Καλαζάρ,2023-11-14,2023-12-03
1095,68,Αλλεργική Κρίση,2024-10-26,2024-11-19
1096,395,Χειρουργείο,2023-11-30,2023-12-19
1097,485,Μηνιαίος Έλεγχος,2025-01-08,2025-01-11
1098,135,Κάταγμα,2025-01-05,
1099,312,Πυρετός,2023-08-12,2023-09-05
1100,107,Γαστρεντερίτιδα,2024-01-07,2024-01-12
1101,369,Λύσσα,2023-06-26,2023-07-11
1102,862,Λύσσα,2025-02-06,2025-03-05
1103,964,Γαστρεντερίτιδα,2023-12-14,2023-12-21
1104,843,Εξέταση Αίματος,2023-12-26,2024-01-02
1105,125,Εμβολιασμός,2024-07-12,2024-07-18
1106,659,Καλαζάρ,2023-05-14,2023-06-13
1107,541,Εμβολιασμός,2024-09-14,2024-09-18
1108,939,Γαστρεντερίτιδα,2023-08-25,
1109,421,Γαστρεντερίτιδα,2024-02-24,2024-02-24
1110,311,Στείρωση,2023-10-24,2023-11-22
1111,937,Εξέταση Αίματος,2024-05-29,
1112,304,Λύσσα,2024-10-05,2024-10-05
1113,174,Εμβολιασμός,2024-05-06,2024-05-16
1114,446,Λύσσα,2024-04-11,2024-04-21
1115,751,Στείρωση,2024-01-27,2024-02-05
1116,951,Στείρωση,2025-01-16,
1117,498,Εμβολιασμός,2024-12-27,2024-12-30
1118,658,Στείρωση,2023-12-28,2024-01-08
1119,70,Εξέταση Οδοντοστοιχίας,2024-11-11,2024-12-02
1120,268,Χειρουργείο,2023-03-07,2023-04-02
1121,250,Λύσσα,2024-05-04,2024-05-26
1122,991,Καλαζάρ,2024-08-16,2024-09-04
1123,997,Χειρουργείο,2024-10-30,
1124,777,Κάταγμα,2024-02-07,2024-02-16
1125,572,Καλαζάρ,2023-07-18,2023-07-23
1126,162,Εξέταση Οδοντοστοιχίας,2025-01-07,
1127,938,Γαστρεντερίτιδα,2023-04-17,
1128,890,Πυρετός,2023-06-17,2023-07-12
1129,275,Στείρωση,2024-05-24,2024-06-12
1130,820,Καλαζάρ,2024-01-30,2024-02-02
1131,178,Αλλεργική Κρίση,2024-05-10,2024-05-24
1132,201,Στείρωση,2023-10-20,2023-11-06
1133,121,Μηνιαίος Έλεγχος,2023-09-15,2023-09-25
1134,906,Κάταγμα,2023-05-01,
1135,462,Γαστρεντερίτιδα,2024-02-17,2024-02-26
1136,395,Λύσσα,2023-05-19,2023-05-23
1137,710,Μηνιαίος Έλεγχος,2024-10-30,2024-11-11
1138,815,Καλαζάρ,2023-05-17,2023-05-28
1139,33,Λύσσα,2024-05-25,
1140,542,Εξέταση Αίματος,2023-12-08,2023-12-11
1141,959,Εξέταση Αίματος,2024-11-03,2024-11-13
1142,443,Πυρετός,2024-08-31,
1143,314,Εμβολιασμός,2024-08-30,
1144,905,Αλλεργική Κρίση,2023-06-30,2023-07-03
1145,827,Εμβολιασμός,2023-10-01,
1146,519,Εμβολιασμός,2024-07-12,2024-07-29
1147,989,Στείρωση,2024-03-26,2024-03-31
1148,421,Εξέταση Οδοντοστοιχίας,2025-01-11,2025-02-10
1149,303,Κάταγμα,2023-08-25,2023-08-29
1150,680,Κάταγμα,2023-08-11,
1151,427,Στείρωση,2023-11-03,2023-11-26
1152,815,Πυρετός,2024-07-31,2024-08-26
1153,972,Εμβολιασμός,2023-03-24,
1154,255,Εμβολιασμός,2023-08-05,2023-08-08
1155,670,Αλλεργική Κρίση,2023-10-12,
1156,843,Εξέταση Αίματος,2024-06-27,2024-07-14
1157,519,Εξέταση Αίματος,2024-11-14,2024-12-01
1158,481,Αλλεργική Κρίση,2024-05-03,2024-05-12
1159,779,Γαστρεντερίτιδα,2023-11-08,2023-11-22
1160,775,Μηνιαίος Έλεγχος,2024-02-13,2024-03-14
1161,702,Λύσσα,2024-05-12,2024-06-05
1162,597,Εξέταση Οδοντοστοιχίας,2024-01-10,
1163,718,Γαστρεντερίτιδα,2023-05-09,2023-05-25
1164,638,Λύσσα,2025-02-10,2025-02-28
1165,897,Πυρετός,2024-11-30,2024-12-29
1166,113,Αλλεργική Κρίση,2023-02-27,
1167,607,Αλλεργική Κρίση,2023-11-17,
1168,907,Στείρωση,2024-11-18,2024-11-26
1169,105,Εμβολιασμός,2023-09-25,2023-10-12
1170,206,Λύσσα,2024-02-01,2024-02-21
1171,625,Εμβολιασμός,2023-03-01,2023-03-24
1172,81,Λύσσα,2024-07-16,2024-08-14
1173,674,Εξέταση Αίματος,2023-08-20,2023-09-13
1174,65,Μηνιαίος Έλεγχος,2023-03-27,2023-04-11
1175,28,Εξέταση Αίματος,2025-02-08,2025-02-25
1176,360,Καλαζάρ,2024-06-22,2024-07-20
1177,253,Εμβολιασμός,2023-08-04,2023-08-16
1178,718,Εξέταση Οδοντοστοιχίας,2024-02-14,
1179,682,Κάταγμα,2023-09-11,2023-09-27
1180,219,Κάταγμα,2023-08-31,2023-09-26
1181,189,Κάταγμα,2024-02-13,2024-02-27
1182,622,Εξέταση Αίματος,2024-09-16,2024-10-04
1183,826,Γαστρεντερίτιδα,2024-02-17,2024-03-16
1184,65,Αλλεργική Κρίση,2023-10-22,
1185,896,Χειρουργείο,2023-07-21,2023-07-31
1186,879,Εμβολιασμός,2023-08-20,2023-08-21
1187,161,Χειρουργείο,2023-10-16,
1188,240,Εξέταση Αίματος,2025-01-14,2025-02-08
1189,805,Γαστρεντερίτιδα,2023-09-04,2023-09-16
1190,17,Εξέταση Οδοντοστοιχίας,2024-07-26,2024-08-11
1191,907,Στείρωση,2023-09-15,2023-09-23
1192,551,Καλαζάρ,2024-02-09,2024-02-29
1193,841,Γαστρεντερίτιδα,2025-01-11,2025-01-22
1194,93,Εμβολιασμός,2023-03-06,2023-03-07
1195,245,Χειρουργείο,2024-03-10,2024-03-27
1196,248,Μηνιαίος Έλεγχος,2024-05-29,2024-06-16
1197,618,Εξέταση Οδοντοστοιχίας,2024-02-03,2024-02-12
1198,786,Χειρουργείο,2024-10-23,2024-10-31
1199,254,Εξέταση Οδοντοστοιχίας,2023-11-07,2023-12-03
1200,316,Χειρουργείο,2024-10-08,
1201,742,Μηνιαίος Έλεγχος,2024-10-19,2024-10-31
1202,999,Λύσσα,2024-03-17,
1203,276,Αλλεργική Κρίση,2025-01-26,2025-02-20
1204,382,Χειρουργείο,2024-05-01,2024-05-01
1205,225,Εμβολιασμός,2023-11-19,2023-12-17
1206,5,Πυρετός,2024-05-05,2024-06-04
1207,4,Λύσσα,2024-12-02,2024-12-08
1208,86,Αλλεργική Κρίση,2023-08-30,2023-09-23
1209,357,Στείρωση,2024-08-10,
1210,846,Στείρωση,2024-05-01,2024-05-20
1211,832,Αλλεργική Κρίση,2023-06-10,2023-07-10
1212,757,Πυρετός,2024-04-29,2024-05-28
1213,616,Λύσσα,2024-04-18,2024-04-25
1214,514,Εξέταση Οδοντοστοιχίας,2024-03-03,
1215,940,Εμβολιασμός,2024-06-27,2024-07-09
1216,592,Γαστρεντερίτιδα,2023-12-24,
1217,705,Γαστρεντερίτιδα,2024-08-23,2024-09-14
1218,345,Εμβολιασμός,2024-08-31,
1219,426,Εμβολιασμός,2024-11-19,2024-11-26
1220,965,Γαστρεντερίτιδα,2023-04-22,2023-05-20
1221,381,Λύσσα,2024-04-11,2024-05-09
1222,700,Εξέταση Οδοντοστοιχίας,2024-11-23,2024-12-20
1223,578,Καλαζάρ,2023-08-14,2023-09-09
1224,520,Εξέταση Οδοντοστοιχίας,2023-02-11,2023-03-09
1225,690,Μηνιαίος Έλεγχος,2023-02-28,2023-03-21
1226,393,Μηνιαίος Έλεγχος,2024-05-14,2024-06-09
1227,605,Λύσσα,2023-06-16,2023-07-01
1228,46,Κάταγμα,2024-02-17,2024-02-27
1229,538,Εξέταση Οδοντοστοιχίας,2024-03-16,2024-03-26
1230,672,Εμβολιασμός,2024-08-20,2024-08-26
1231,60,Μηνιαίος Έλεγχος,2024-06-13,2024-07-10
1232,94,Αλλεργική Κρίση,2024-08-09,2024-09-01
1233,132,Λύσσα,2023-07-02,
1234,550,Γαστρεντερίτιδα,2024-07-22,2024-08-03
1235,862,Εξέταση Οδοντοστοιχίας,2023-05-27,2023-06-26
1236,33,Κάταγμα,2023-02-06,2023-02-06
1237,996,Στείρωση,2023-10-05,2023-10-16
1238,358,Κάταγμα,2023-03-20,
1239,772,Εμβολιασμός,2024-04-18,
1240,441,Εξέταση Αίματος,2024-06-17,2024-06-19
1241,442,Γαστρεντερίτιδα,2023-02-17,2023-03-14
1242,634,Εξέταση Οδοντοστοιχίας,2024-04-13,2024-04-28
1243,353,Γαστρεντερίτιδα,2024-11-26,2024-12-05
1244,199,Μηνιαίος Έλεγχος,2024-12-24,2025-01-06
1245,569,Εξέταση Οδοντοστοιχίας,2024-04-01,
1246,387,Χειρουργείο,2023-03-17,2023-03-20
1247,362,Αλλεργική Κρίση,2023-04-23,
1248,419,Εμβολιασμός,2024-08-10,2024-08-20
1249,713,Εξέταση Οδοντοστοιχίας,2024-04-22,
1250,949,Πυρετός,2024-04-22,2024-05-10
1251,464,Καλαζάρ,2023-11-13,2023-11-23
1252,659,Εμβολιασμός,2023-05-07,
1253,726,Καλαζάρ,2023-03-11,2023-04-07
1254,441,Εξέταση Αίματος,2023-03-27,2023-04-21
1255,571,Στείρωση,2024-03-24,2024-04-01
1256,946,Εμβολιασμός,2023-11-18,2023-11-29
1257,873,Καλαζάρ,2024-07-18,2024-07-22
1258,447,Εξέταση Οδοντοστοιχίας,2025-01-06,2025-01-27
1259,530,Εξέταση Αίματος,2024-06-08,2024-06-11
1260,237,Κάταγμα,2024-12-11,2024-12-29
1261,364,Γαστρεντερίτιδα,2023-12-11,2023-12-23
1262,158,Στείρωση,2023-08-10,2023-08-10
1263,420,Λύσσα,2023-10-10,2023-10-28
1264,502,Μηνιαίος Έλεγχος,2024-04-25,2024-05-04
1265,475,Γαστρεντερίτιδα,2024-02-06,2024-02-08
1266,869,Λύσσα,2023-08-22,2023-08-29
1267,536,Στείρωση,2023-06-30,2023-07-24
1268,337,Καλαζάρ,2024-01-05,2024-02-01
1269,63,Στείρωση,2025-01-26,2025-02-03
1270,336,Στείρωση,2023-08-18,
1271,603,Μηνιαίος Έλεγχος,2024-06-24,2024-07-07
1272,375,Χειρουργείο,2023-02-19,
1273,591,Πυρετός,2023-09-28,2023-10-28
1274,443,Αλλεργική Κρίση,2024-11-22,2024-12-18
1275,548,Στείρωση,2024-03-24,2024-04-05
1276,431,Αλλεργική Κρίση,2023-04-13,2023-04-21
1277,136,Γαστρεντερίτιδα,2024-06-14,2024-06-28
1278,556,Εξέταση Οδοντοστοιχίας,2023-12-22,2024-01-16
1279,913,Καλαζάρ,2023-09-05,2023-09-27
1280,144,Λύσσα,2024-02-12,2024-03-03
1281,86,Εξέταση Οδοντοστοιχίας,2023-05-09,2023-05-27
1282,72,Εμβολιασμός,2024-12-19,2025-01-01
1283,73,Εξέταση Αίματος,2023-10-04,2023-10-31
1284,315,Πυρετός,2024-10-29,2024-11-08
1285,35,Εμβολιασμός,2024-01-01,2024-01-17
1286,981,Στείρωση,2023-05-15,2023-06-04
1287,250,Λύσσα,2024-03-07,2024-03-13
1288,926,Αλλεργική Κρίση,2024-09-27,2024-10-14
1289,133,Στείρωση,2023-10-07,2023-10-24
1290,685,Χειρουργείο,2023-06-08,2023-06-26
1291,227,Εμβολιασμός,2024-05-21,2024-06-13
1292,443,Χειρουργείο,2023-12-10,
1293,136,Πυρετός,2023-06-30,2023-07-11
1294,693,Εμβολιασμός,2023-07-17,2023-07-25
1295,839,Καλαζάρ,2023-11-25,2023-12-22
1296,529,Εξέταση Αίματος,2023-05-18,
1297,318,Αλλεργική Κρίση,2024-08-26,2024-09-09
1298,681,Μηνιαίος Έλεγχος,2024-04-26,2024-05-11
1299,909,Στείρωση,2024-11-13,
1300,532,Λύσσα,2025-01-30,2025-02-22
1301,497,Μηνιαίος Έλεγχος,2024-08-18,2024-08-21
1302,806,Καλαζάρ,2023-03-09,2023-03-24
1303,458,Κάταγμα,2024-11-21,2024-11-30
1304,889,Εξέταση Οδοντοστοιχίας,2023-07-13,
1305,156,Κάταγμα,2024-07-25,2024-07-28
1306,560,Εμβολιασμός,2025-01-31,
1307,697,Χειρουργείο,2024-05-26,
1308,230,Εξέταση Αίματος,2023-08-20,2023-09-18
1309,665,Πυρετός,2024-08-19,
1310,107,Στείρωση,2025-02-07,2025-02-08
1311,943,Λύσσα,2023-08-23,2023-08-31
1312,680,Στείρωση,2023-12-21,2024-01-02
1313,43,Γαστρεντερίτιδα,2024-09-09,2024-09-09
1314,117,Στείρωση,2023-10-13,2023-10-28
1315,572,Χειρουργείο,2024-10-26,2024-11-08
1316,697,Γαστρεντερίτιδα,2025-01-15,2025-02-09
1317,676,Χειρουργείο,2023-02-16,2023-03-02
1318,778,Πυρετός,2024-02-25,2024-03-23
1319,359,Εξέταση Οδοντοστοιχίας,2024-06-12,2024-06-28
1320,824,Χειρουργείο,2024-12-24,2025-01-18
1321,344,Καλαζάρ,2024-05-10,
1322,139,Στείρωση,2023-04-14,2023-04-16
1323,16,Πυρετός,2023-08-11,2023-09-08
1324,494,Κάταγμα,2024-05-31,2024-06-04
1325,862,Γαστρεντερίτιδα,2024-09-17,
1326,765,Κάταγμα,2024-09-18,2024-10-10
1327,354,Στείρωση,2023-10-16,2023-11-04
1328,97,Εμβολιασμός,2025-01-09,2025-01-24
1329,902,Εξέταση Οδοντοστοιχίας,2023-10-31,2023-11-23
1330,756,Χειρουργείο,2024-06-21,2024-07-14
1331,444,Εξέταση Αίματος,2023-10-26,2023-11-04
1332,564,Κάταγμα,2023-07-03,2023-07-06
1333,622,Πυρετός,2024-08-29,
1334,383,Πυρετός,2024-03-19,2024-03-31
1335,450,Εμβολιασμός,2023-08-09,2023-08-21
1336,801,Εμβολιασμός,2023-02-26,2023-03-23
1337,27,Αλλεργική Κρίση,2023-02-28,2023-03-28
1338,256,Μηνιαίος Έλεγχος,2024-07-12,2024-07-18
1339,47,Αλλεργική Κρίση,2024-05-03,
1340,329,Χειρουργείο,2023-06-09,2023-06-16
1341,705,Κάταγμα,2024-11-14,2024-11-22
1342,37,Χειρουργείο,2024-12-14,2025-01-12
1343,981,Εμβολιασμός,2023-12-13,2023-12-22
1344,658,Πυρετός,2023-11-24,2023-12-22
1345,240,Χειρουργείο,2023-05-27,2023-05-29
1346,59,Γαστρεντερίτιδα,2024-03-08,
1347,402,Εμβολιασμός,2023-02-05,
1348,690,Εμβολιασμός,2023-10-28,2023-11-20
1349,477,Πυρετός,2023-07-21,2023-07-22
1350,286,Πυρετός,2023-09-02,2023-09-17
1351,739,Γαστρεντερίτιδα,2024-05-08,2024-06-06
1352,919,Πυρετός,2023-08-10,2023-08-26
1353,821,Πυρετός,2024-04-07,2024-04-13
1354,639,Γαστρεντερίτιδα,2023-04-11,2023-05-07
1355,207,Στείρωση,2023-12-04,2023-12-29
1356,615,Εμβολιασμός,2023-04-16,2023-04-17
1357,798,Αλλεργική Κρίση,2023-03-28,2023-04-25
1358,155,Εξέταση Οδοντοστοιχίας,2023-12-28,2024-01-08
1359,962,Γαστρεντερίτιδα,2023-05-06,2023-06-04
1360,414,Εξέταση Οδοντοστοιχίας,2024-06-08,2024-07-02
1361,807,Καλαζάρ,2024-10-05,2024-10-12
1362,145,Κάταγμα,2024-02-01,2024-02-04
1363,483,Στείρωση,2023-03-30,2023-04-21
1364,322,Κάταγμα,2023-05-18,2023-06-05
1365,23,Κάταγμα,2025-02-07,
1366,219,Κάταγμα,2024-02-15,2024-02-18
1367,651,Στείρωση,2024-09-15,2024-10-07
1368,284,Πυρετός,2023-06-15,2023-07-04
1369,883,Μηνιαίος Έλεγχος,2023-05-07,2023-05-10
1370,980,Εξέταση Αίματος,2023-09-21,2023-10-07
1371,536,Στείρωση,2023-03-22,2023-04-10
1372,629,Καλαζάρ,2025-01-17,2025-01-24
1373,260,Αλλεργική Κρίση,2023-02-09,2023-02-12
1374,896,Καλαζάρ,2024-04-01,
1375,829,Πυρετός,2024-01-24,2024-02-03
1376,18,Μηνιαίος Έλεγχος,2024-12-05,
1377,89,Εμβολιασμός,2023-08-12,
1378,975,Κάταγμα,2024-04-25,2024-05-09
1379,324,Στείρωση,2024-01-21,
1380,875,Πυρετός,2024-01-07,2024-01-08
1381,785,Καλαζάρ,2023-09-21,2023-10-05
1382,793,Εξέταση Οδοντοστοιχίας,2024-04-10,2024-04-20
1383,369,Χειρουργείο,2024-07-19,2024-08-14
1384,914,Χειρουργείο,2025-01-01,2025-01-29
1385,159,Καλαζάρ,2024-12-25,2024-12-31
1386,673,Αλλεργική Κρίση,2025-02-09,
1387,502,Γαστρεντερίτιδα,2023-05-01,2023-05-24
1388,948,Χειρουργείο,2024-11-23,2024-12-04
1389,18,Γαστρεντερίτιδα,2023-10-03,2023-10-06
1390,91,Μηνιαίος Έλεγχος,2023-10-03,2023-10-29
1391,249,Χειρουργείο,2024-04-04,2024-04-24
1392,925,Γαστρεντερίτιδα,2023-12-12,
1393,378,Καλαζάρ,2024-06-07,2024-06-17
1394,559,Γαστρεντερίτιδα,2024-12-16,2025-01-05
1395,47,Κάταγμα,2024-03-28,2024-04-22
1396,516,Λύσσα,2024-02-04,2024-02-21
1397,392,Εμβολιασμός,2023-11-02,2023-11-30
1398,317,Εξέταση Οδοντοστοιχίας,2024-05-27,2024-06-02
1399,525,Λύσσα,2023-06-21,
1400,966,Χειρουργείο,2024-06-03,
1401,207,Καλαζάρ,2023-10-20,2023-10-25
1402,843,Πυρετός,2024-02-25,
1403,998,Εξέταση Οδοντοστοιχίας,2023-06-04,2023-06-25
1404,48,Εμβολιασμός,2024-12-31,2025-01-28
1405,627,Στείρωση,2023-03-26,2023-04-25
1406,681,Μηνιαίος Έλεγχος,2024-05-21,2024-06-13
1407,120,Εμβολιασμός,2023-10-01,
1408,838,Αλλεργική Κρίση,2024-02-24,
1409,732,Εμβολιασμός,2025-02-04,2025-02-05
1410,963,Εξέταση Οδοντοστοιχίας,2024-03-28,2024-04-12
1411,836,Λύσσα,2023-06-15,2023-07-05
1412,687,Εξέταση Οδοντοστοιχίας,2023-02-10,2023-03-10
1413,8,Γαστρεντερίτιδα,2023-06-13,
1414,648,Καλαζάρ,2024-01-26,2024-02-20
1415,340,Αλλεργική Κρίση,2023-06-05,2023-06-29
1416,963,Εμβολιασμός,2024-02-14,2024-02-24
1417,53,Χειρουργείο,2023-08-30,
1418,228,Μηνιαίος Έλεγχος,2024-10-22,
1419,788,Κάταγμα,2023-05-08,
1420,201,Εξέταση Οδοντοστοιχίας,2023-07-23,2023-08-01
1421,399,Γαστρεντερίτιδα,2024-03-17,2024-04-01
1422,51,Κάταγμα,2024-08-20,2024-09-04
1423,624,Γαστρεντερίτιδα,2024-06-25,2024-07-06
1424,320,Αλλεργική Κρίση,2024-02-16,
1425,435,Εξέταση Οδοντοστοιχίας,2023-09-30,2023-10-01
1426,457,Στείρωση,2023-08-16,2023-08-29
1427,960,Αλλεργική Κρίση,2024-01-09,2024-01-20
1428,138,Αλλεργική Κρίση,2023-03-02,2023-03-04
1429,452,Στείρωση,2023-07-25,2023-08-09
1430,78,Κάταγμα,2024-05-25,2024-06-14
1431,866,Εξέταση Οδοντοστοιχίας,2024-11-13,2024-11-13
1432,841,Εμβολιασμός,2024-01-26,2024-02-20
1433,855,Γαστρεντερίτιδα,2024-04-25,
1434,108,Κάταγμα,2024-10-19,
1435,34,Χειρουργείο,2023-03-14,2023-03-27
1436,667,Εξέταση Αίματος,2023-05-22,2023-05-22
1437,280,Εξέταση Αίματος,2024-02-29,
1438,357,Κάταγμα,2023-10-11,2023-10-12
1439,674,Καλαζάρ,2023-09-11,2023-09-24
1440,562,Εμβολιασμός,2023-10-07,2023-10-14
1441,399,Εξέταση Αίματος,2023-02-19,2023-03-13
1442,40,Μηνιαίος Έλεγχος,2024-02-19,2024-02-21
1443,858,Στείρωση,2023-04-16,
1444,276,Εξέταση Οδοντοστοιχίας,2024-01-17,2024-01-17
1445,84,Αλλεργική Κρίση,2023-10-08,2023-10-13
1446,73,Γαστρεντερίτιδα,2023-04-26,2023-05-21
1447,730,Εμβολιασμός,2023-02-02,2023-02-10
1448,659,Γαστρεντερίτιδα,2024-12-03,2024-12-19
1449,338,Κάταγμα,2025-02-06,2025-02-20
1450,189,Χειρουργείο,2024-04-08,2024-04-10
1451,957,Χειρουργείο,2024-04-09,2024-04-24
1452,944,Κάταγμα,2024-05-12,2024-05-21
1453,475,Εξέταση Αίματος,2023-02-22,2023-03-18
1454,513,Εξέταση Οδοντοστοιχίας,2023-12-30,2024-01-16
1455,266,Καλαζάρ,2023-07-15,2023-07-26
1456,564,Στείρωση,2023-07-09,2023-07-23
1457,122,Καλαζάρ,2024-03-08,2024-04-01
1458,56,Αλλεργική Κρίση,2023-02-25,2023-03-18
1459,25,Κάταγμα,2024-04-23,2024-04-25
1460,164,Μηνιαίος Έλεγχος,2024-03-12,2024-03-19
1461,26,Εξέταση Αίματος,2023-05-07,
1462,811,Λύσσα,2023-07-10,
1463,138,Εμβολιασμός,2024-03-28,
1464,54,Χειρουργείο,2023-08-29,2023-09-26
1465,262,Εξέταση Οδοντοστοιχίας,2023-02-06,2023-02-22
1466,920,Μηνιαίος Έλεγχος,2023-09-27,
1467,130,Εξέταση Αίματος,2023-08-08,2023-08-18
1468,159,Πυρετός,2024-05-02,
1469,784,Αλλεργική Κρίση,2023-11-17,2023-11-17
1470,868,Εξέταση Αίματος,2024-04-23,2024-04-25
1471,204,Εμβολιασμός,2024-12-07,2024-12-22
1472,805,Μηνιαίος Έλεγχος,2024-06-05,
1473,509,Μηνιαίος Έλεγχος,2023-06-11,2023-06-23
1474,538,Στείρωση,2023-08-29,
1475,318,Εμβολιασμός,2023-07-21,
1476,890,Πυρετός,2023-09-28,2023-10-21
1477,487,Πυρετός,2023-10-15,2023-10-30
1478,618,Γαστρεντερίτιδα,2025-01-17,2025-01-27
1479,229,Καλαζάρ,2023-10-26,2023-11-01
1480,238,Λύσσα,2023-05-30,
1481,679,Καλαζάρ,2023-02-05,2023-02-27
1482,525,Χειρουργείο,2023-10-15,2023-10-17
1483,370,Λύσσα,2025-01-27,2025-02-17
1484,898,Στείρωση,2023-07-23,
1485,244,Στείρωση,2024-05-19,2024-05-20
1486,1000,Χειρουργείο,2024-05-18,2024-05-24
1487,238,Χειρουργείο,2023-05-19,2023-06-17
1488,903,Εξέταση Οδοντοστοιχίας,2023-09-07,
1489,759,Κάταγμα,2023-08-29,2023-09-28
1490,119,Εξέταση Οδοντοστοιχίας,2024-08-31,2024-09-14
1491,900,Στείρωση,2024-05-12,2024-06-05
1492,755,Στείρωση,2023-09-06,2023-09-10
1493,415,Εμβολιασμός,2024-03-25,2024-04-11
1494,678,Γαστρεντερίτιδα,2023-02-10,2023-02-23
1495,330,Αλλεργική Κρίση,2024-11-24,2024-11-27
1496,922,Αλλεργική Κρίση,2024-12-05,2024-12-11
1497,992,Εξέταση Οδοντοστοιχίας,2024-06-10,2024-07-01
1498,76,Στείρωση,2024-09-06,2024-10-02
1499,457,Εξέταση Οδοντοστοιχίας,2024-12-08,
1500,606,Χειρουργείο,2024-08-01,2024-08-23
